category,name,aliases,shelf_days,frozen_shelf_days
肉,牛肉,牛こま|牛切り落とし|牛ステーキ|牛ロース|牛バラ|すき焼き用,3,30
肉,豚肉,豚こま|豚バラ|豚ロース|豚肩ロース|とんかつ用|しゃぶしゃぶ用,3,30
肉,鶏肉,鶏もも|鶏むね|ささみ|手羽先|手羽元|鶏皮,2,30
肉,ひき肉,合挽き肉|豚ひき肉|鶏ひき肉|牛ひき肉|ミンチ,1,30
肉,ラム肉,羊肉|ジンギスカン|マトン,3,30
肉,レバー,鶏レバー|豚レバー|牛レバー|砂肝,1,14
肉,ハム,ロースハム|ボンレスハム,10,30
肉,ベーコン,ハーフベーコン|ブロックベーコン,10,30
肉,ソーセージ,ウインナー|フランクフルト,14,30
肉,サラダチキン,,7,30
肉,焼き豚,チャーシュー,7,30
肉,生ハム,プロシュート,30,
肉,ローストビーフ,,4,30
魚介,鮭,サーモン|生鮭|塩鮭|銀鮭|紅鮭,2,30
魚介,さば,鯖|塩さば|しめさば,2,30
魚介,あじ,鯵|アジフライ用,1,30
魚介,いわし,鰯,1,30
魚介,さんま,秋刀魚,1,30
魚介,ぶり,鰤|はまち,2,30
魚介,たら,鱈|生たら,2,30
魚介,まぐろ,鮪|ねぎとろ|ツナ刺身,2,30
魚介,かつお,鰹|かつおのたたき,1,30
魚介,たい,鯛|真鯛,2,30
魚介,かれい,鰈,2,30
魚介,刺身,刺身盛り合わせ|お造り,1,
魚介,いか,烏賊|するめいか,2,30
魚介,たこ,蛸|ゆでだこ,3,30
魚介,えび,海老|むきえび|ブラックタイガー|バナメイ,2,60
魚介,ほたて,帆立|ベビーほたて,2,60
魚介,あさり,浅蜊,2,30
魚介,しじみ,蜆,2,30
魚介,かき,牡蠣|カキフライ用,2,30
魚介,しらす,しらす干し|釜揚げしらす,4,30
魚介,ちりめんじゃこ,じゃこ,7,60
魚介,たらこ,,7,30
魚介,明太子,辛子明太子,7,30
魚介,いくら,筋子,5,60
魚介,うなぎ,鰻|蒲焼き,5,60
魚介,干物,開き|あじの開き|ほっけ,5,30
野菜,キャベツ,春キャベツ|千切りキャベツ,14,30
野菜,レタス,,5,
野菜,サニーレタス,リーフレタス,4,
野菜,ベビーリーフ,サラダミックス|カット野菜,3,
野菜,白菜,,14,30
野菜,ほうれん草,,3,30
野菜,小松菜,,3,30
野菜,水菜,,3,
野菜,春菊,,3,30
野菜,チンゲン菜,青梗菜,4,30
野菜,ニラ,韮,3,30
野菜,長ねぎ,白ねぎ|ねぎ|ネギ,7,30
野菜,青ねぎ,万能ねぎ|小ねぎ|九条ねぎ|細ねぎ,5,30
野菜,玉ねぎ,たまねぎ|新玉ねぎ|紫玉ねぎ,30,30
野菜,にんじん,人参,14,30
野菜,じゃがいも,ジャガイモ|男爵|メークイン|新じゃが,30,30
野菜,さつまいも,薩摩芋|紅はるか,30,30
野菜,里芋,さといも,14,30
野菜,長いも,山芋|大和芋|とろろ,14,30
野菜,大根,だいこん,7,30
野菜,かぶ,蕪,5,30
野菜,ごぼう,牛蒡|ささがきごぼう,14,30
野菜,れんこん,蓮根,7,30
野菜,たけのこ,筍|たけのこ水煮,7,30
野菜,きゅうり,胡瓜,5,
野菜,トマト,,7,30
野菜,ミニトマト,プチトマト,7,30
野菜,なす,茄子,5,30
野菜,ピーマン,,7,30
野菜,パプリカ,,7,30
野菜,かぼちゃ,南瓜,14,30
野菜,ズッキーニ,,5,30
野菜,ブロッコリー,,4,30
野菜,カリフラワー,,5,30
野菜,アスパラガス,アスパラ,3,30
野菜,オクラ,,4,30
野菜,いんげん,さやいんげん,5,30
野菜,枝豆,えだまめ,2,60
野菜,スナップエンドウ,,3,30
野菜,絹さや,さやえんどう,3,30
野菜,とうもろこし,コーン|とうきび,2,30
野菜,ゴーヤ,にがうり,5,30
野菜,セロリ,,7,30
野菜,もやし,豆もやし,2,
野菜,豆苗,,5,
野菜,かいわれ大根,かいわれ,5,
野菜,スプラウト,ブロッコリースプラウト,5,
野菜,大葉,しそ|青じそ,5,30
野菜,パセリ,,5,30
野菜,バジル,,3,30
野菜,みょうが,茗荷,7,30
野菜,しょうが,生姜|新しょうが,14,60
野菜,にんにく,ニンニク,30,60
野菜,しめじ,ぶなしめじ,5,30
野菜,えのき,えのきだけ,5,30
野菜,まいたけ,舞茸,4,30
野菜,しいたけ,椎茸|生しいたけ,5,30
野菜,エリンギ,,7,30
野菜,マッシュルーム,,4,30
野菜,なめこ,,5,30
野菜,アボカド,,5,30
野菜,ミックスベジタブル,冷凍野菜ミックス,2,180
果物,りんご,林檎,30,
果物,バナナ,,5,30
果物,みかん,蜜柑,14,30
果物,オレンジ,,14,
果物,グレープフルーツ,,14,
果物,レモン,,14,60
果物,ライム,,14,60
果物,キウイ,キウイフルーツ,10,30
果物,いちご,苺,3,30
果物,ぶどう,葡萄|シャインマスカット|巨峰,5,30
果物,もも,桃,4,30
果物,なし,梨|洋梨,10,
果物,柿,かき（果物）,7,30
果物,メロン,,5,30
果物,すいか,西瓜,5,
果物,パイナップル,パイン|カットパイン,4,30
果物,マンゴー,,5,30
果物,さくらんぼ,,3,
果物,ブルーベリー,,5,60
卵・乳製品,卵,たまご|玉子|鶏卵,14,
卵・乳製品,うずらの卵,うずら卵,10,
卵・乳製品,牛乳,ミルク,7,
卵・乳製品,低脂肪乳,無脂肪乳,7,
卵・乳製品,ヨーグルト,プレーンヨーグルト|加糖ヨーグルト,14,
卵・乳製品,飲むヨーグルト,ドリンクヨーグルト,14,
卵・乳製品,プロセスチーズ,6Pチーズ|ベビーチーズ|キャンディチーズ,90,60
卵・乳製品,スライスチーズ,,60,60
卵・乳製品,とろけるチーズ,ピザ用チーズ|シュレッドチーズ,30,60
卵・乳製品,粉チーズ,パルメザン,180,
卵・乳製品,クリームチーズ,,60,
卵・乳製品,モッツァレラ,モッツァレラチーズ,14,
卵・乳製品,カマンベール,カマンベールチーズ,30,
卵・乳製品,バター,有塩バター|無塩バター,180,180
卵・乳製品,マーガリン,,180,
卵・乳製品,生クリーム,フレッシュクリーム,7,30
卵・乳製品,ホイップクリーム,,14,30
豆腐・大豆製品,豆腐,絹豆腐|木綿豆腐|充填豆腐,7,30
豆腐・大豆製品,厚揚げ,生揚げ,4,30
豆腐・大豆製品,油揚げ,,5,30
豆腐・大豆製品,がんもどき,,4,30
豆腐・大豆製品,納豆,ひきわり納豆,7,60
豆腐・大豆製品,豆乳,無調整豆乳|調製豆乳,60,
豆腐・大豆製品,おから,,3,30
豆腐・大豆製品,大豆水煮,蒸し大豆,365,
豆腐・大豆製品,高野豆腐,凍り豆腐,180,
主食,米,白米|無洗米|玄米|もち米,60,
主食,ご飯,冷やご飯|炊いたご飯,1,30
主食,パックご飯,レトルトご飯|サトウのごはん,180,
主食,食パン,,4,30
主食,ロールパン,バターロール,4,30
主食,フランスパン,バゲット,2,30
主食,ベーグル,,4,30
主食,菓子パン,総菜パン,3,30
主食,うどん,ゆでうどん|冷凍うどん|生うどん,3,60
主食,そば,ゆでそば|生そば,3,60
主食,乾麺,そうめん|ひやむぎ|乾そば|乾うどん,730,
主食,中華麺,生ラーメン|冷やし中華,5,30
主食,焼きそば麺,蒸し麺,5,30
主食,インスタントラーメン,袋麺,180,
主食,カップ麺,カップラーメン|カップ焼きそば,180,
主食,パスタ,スパゲッティ|ペンネ,1095,
主食,マカロニ,,1095,
主食,餅,切り餅|丸餅,180,180
主食,シリアル,コーンフレーク|グラノーラ,180,
主食,オートミール,,365,
調味料,醤油,しょうゆ|濃口醤油|薄口醤油|減塩醤油,365,
調味料,味噌,みそ|合わせ味噌|白味噌|赤味噌,180,
調味料,砂糖,上白糖|グラニュー糖|きび砂糖|三温糖,1095,
調味料,塩,食塩|岩塩,1095,
調味料,こしょう,胡椒|塩こしょう|ブラックペッパー,730,
調味料,酢,米酢|穀物酢|黒酢|りんご酢,730,
調味料,ポン酢,ぽん酢|ゆずポン,180,
調味料,みりん,本みりん|みりん風調味料,365,
調味料,料理酒,酒（料理用）,365,
調味料,顆粒だし,ほんだし|和風だしの素|だしパック,365,
調味料,めんつゆ,つゆ,365,
調味料,白だし,,365,
調味料,ソース,ウスターソース|中濃ソース|とんかつソース|お好みソース,365,
調味料,ケチャップ,トマトケチャップ,365,
調味料,マヨネーズ,,240,
調味料,ドレッシング,,180,
調味料,焼肉のたれ,焼肉のタレ,365,
調味料,オイスターソース,,365,
調味料,豆板醤,,365,
調味料,甜麺醤,,365,
調味料,コチュジャン,,365,
調味料,鶏ガラスープの素,鶏がらスープ,365,
調味料,中華スープの素,中華だし|ウェイパー,365,
調味料,コンソメ,ブイヨン,365,
調味料,カレールウ,カレールー,365,
調味料,シチュールウ,シチューの素|ハヤシライスルウ,365,
調味料,からし,練りからし|マスタード,180,
調味料,わさび,練りわさび,180,
調味料,しょうがチューブ,おろししょうが,180,
調味料,にんにくチューブ,おろしにんにく,180,
調味料,七味唐辛子,一味唐辛子,365,
調味料,ラー油,,365,
調味料,ナンプラー,魚醤,365,
調味料,柚子胡椒,ゆずこしょう,180,
調味料,カレー粉,,730,
調味料,塩麹,塩こうじ,90,
調味料,うま味調味料,味の素,1095,
調味料,はちみつ,蜂蜜,730,
調味料,ジャム,いちごジャム|マーマレード,365,
調味料,ピーナッツバター,,365,
油・粉・乾物,サラダ油,キャノーラ油|米油|なたね油,365,
油・粉・乾物,ごま油,,365,
油・粉・乾物,オリーブオイル,エキストラバージンオリーブオイル,365,
油・粉・乾物,小麦粉,薄力粉|中力粉,365,
油・粉・乾物,強力粉,,365,
油・粉・乾物,片栗粉,,730,
油・粉・乾物,パン粉,,180,180
油・粉・乾物,天ぷら粉,から揚げ粉,365,
油・粉・乾物,ホットケーキミックス,パンケーキミックス,365,
油・粉・乾物,米粉,,365,
油・粉・乾物,かつお節,削り節|花かつお,365,
油・粉・乾物,昆布,だし昆布,365,
油・粉・乾物,煮干し,いりこ,180,
油・粉・乾物,わかめ,乾燥わかめ|塩蔵わかめ,365,
油・粉・乾物,ひじき,,365,
油・粉・乾物,のり,海苔|焼きのり|味付けのり,365,
油・粉・乾物,切り干し大根,,180,
油・粉・乾物,干ししいたけ,干し椎茸,365,
油・粉・乾物,春雨,はるさめ,730,
油・粉・乾物,麩,お麩,365,
油・粉・乾物,ごま,いりごま|すりごま|練りごま,180,
油・粉・乾物,ナッツ,アーモンド|くるみ|ミックスナッツ,180,
油・粉・乾物,寒天,,730,
油・粉・乾物,ゼラチン,,730,
油・粉・乾物,ベーキングパウダー,,365,
油・粉・乾物,塩昆布,,180,
惣菜・加工品,餃子,ギョウザ|冷凍餃子,3,90
惣菜・加工品,シュウマイ,焼売,3,90
惣菜・加工品,からあげ,唐揚げ,2,30
惣菜・加工品,コロッケ,,2,30
惣菜・加工品,ハンバーグ,,3,30
惣菜・加工品,焼き鳥,,2,30
惣菜・加工品,天ぷら,かき揚げ,1,30
惣菜・加工品,チャーハン,冷凍チャーハン|ピラフ,1,180
惣菜・加工品,ピザ,冷凍ピザ,3,180
惣菜・加工品,グラタン,ドリア,2,180
惣菜・加工品,フライドポテト,冷凍ポテト,2,180
惣菜・加工品,弁当,お弁当,1,
惣菜・加工品,おにぎり,,1,
惣菜・加工品,サンドイッチ,,1,
惣菜・加工品,サラダ（惣菜）,ポテトサラダ|マカロニサラダ,2,
惣菜・加工品,漬物,浅漬け|たくあん|しば漬け,14,
惣菜・加工品,キムチ,,21,
惣菜・加工品,梅干し,,180,
惣菜・加工品,ちくわ,竹輪,7,30
惣菜・加工品,かまぼこ,蒲鉾,10,30
惣菜・加工品,はんぺん,,7,30
惣菜・加工品,さつま揚げ,,5,30
惣菜・加工品,カニカマ,かにかま,10,30
惣菜・加工品,こんにゃく,蒟蒻,60,
惣菜・加工品,しらたき,糸こんにゃく,60,
惣菜・加工品,メンマ,,30,
惣菜・加工品,ザーサイ,,90,
惣菜・加工品,佃煮,,90,
惣菜・加工品,煮豆,,14,
惣菜・加工品,ツナ缶,シーチキン,1095,
惣菜・加工品,さば缶,サバ缶|さば水煮缶,1095,
惣菜・加工品,トマト缶,カットトマト|ホールトマト,1095,
惣菜・加工品,コーン缶,ホールコーン|クリームコーン,1095,
惣菜・加工品,フルーツ缶,桃缶|みかん缶,1095,
惣菜・加工品,レトルトカレー,,730,
惣菜・加工品,パスタソース,,365,
惣菜・加工品,インスタント味噌汁,即席みそ汁,180,
惣菜・加工品,カップスープ,インスタントスープ,365,
お菓子,スナック菓子,ポテトチップス|ポップコーン,120,
お菓子,チョコレート,,180,
お菓子,クッキー,ビスケット,180,
お菓子,せんべい,煎餅|あられ,120,
お菓子,グミ,,180,
お菓子,キャンディ,飴|のど飴,365,
お菓子,ガム,,365,
お菓子,アイスクリーム,アイス|シャーベット,1,730
お菓子,プリン,,7,
お菓子,ゼリー,,90,
お菓子,ケーキ,,2,30
お菓子,和菓子,大福|団子|どら焼き,2,30
お菓子,ドーナツ,,2,30
飲料,水,ミネラルウォーター,365,
飲料,お茶,緑茶|麦茶|ほうじ茶|ウーロン茶,270,
飲料,お茶パック,ティーパック（麦茶）|茶葉,365,
飲料,紅茶,ティーバッグ,730,
飲料,コーヒー,コーヒー豆|コーヒー粉|ドリップバッグ,365,
飲料,インスタントコーヒー,,730,
飲料,缶コーヒー,ボトルコーヒー,365,
飲料,炭酸水,,365,
飲料,炭酸飲料,コーラ|サイダー,180,
飲料,ジュース,オレンジジュース|りんごジュース,180,
飲料,野菜ジュース,トマトジュース,180,
飲料,スポーツドリンク,,270,
飲料,乳酸菌飲料,ヤクルト,14,
飲料,ビール,発泡酒|第三のビール,270,
飲料,チューハイ,サワー|ハイボール缶,365,
飲料,ワイン,赤ワイン|白ワイン,1095,
飲料,日本酒,清酒,365,
飲料,焼酎,,1095,
飲料,ウイスキー,,1095,
その他,氷,ロックアイス,1,365
その他,ベビーフード,離乳食,365,
